PID,CID,Suffix,Path,img_path
WAAA-114,,,D:/NAS_Data3/WAAA-114.mp4,D:/NAS_Data3/WAAA-114.jpg
WAAA-024,,,D:/NAS_Data3/WAAA-024.mp4,D:/NAS_Data3/WAAA-024.jpg
STARS-163,,,D:/NAS_Data3/STARS-163.mp4,D:/NAS_Data3/STARS-163.jpg
STAR-559,,,D:/NAS_Data3/STAR-559.mkv,D:/NAS_Data3/STAR-559.jpg
SSIS-013,,,D:/NAS_Data3/SSIS-013.mp4,D:/NAS_Data3/SSIS-013.jpg
SCOP-717,,,D:/NAS_Data3/SCOP-717.mp4,D:/NAS_Data3/SCOP-717.jpg
ROYD-073,,,D:/NAS_Data3/ROYD-073.mp4,D:/NAS_Data3/ROYD-073.jpg
MVSD-452,,,D:/NAS_Data3/MVSD-452.mp4,D:/NAS_Data3/MVSD-452.jpg
MUDR-163,,,D:/NAS_Data3/MUDR-163.mp4,D:/NAS_Data3/MUDR-163.jpg
MKMP-392,,,D:/NAS_Data3/MKMP-392.mp4,D:/NAS_Data3/MKMP-392.jpg
MIRD-196,,,D:/NAS_Data3/MIRD-196.mp4,D:/NAS_Data3/MIRD-196.jpg
MIDV-041,,,D:/NAS_Data3/MIDV-041.mp4,D:/NAS_Data3/MIDV-041.jpg
MIDV-040,,,D:/NAS_Data3/MIDV-040.mp4,D:/NAS_Data3/MIDV-040.jpg
MIDV-036,,,D:/NAS_Data3/MIDV-036.mp4,D:/NAS_Data3/MIDV-036.jpg
MIDV-032,,,D:/NAS_Data3/MIDV-032.mp4,D:/NAS_Data3/MIDV-032.jpg
MIDV-024,,,D:/NAS_Data3/MIDV-024.mp4,D:/NAS_Data3/MIDV-024.jpg
MIDE-950,,,D:/NAS_Data3/MIDE-950.mp4,D:/NAS_Data3/MIDE-950.jpg
MIDE-935,,,D:/NAS_Data3/MIDE-935.mp4,D:/NAS_Data3/MIDE-935.jpg
MIDE-925,,,D:/NAS_Data3/MIDE-925.mp4,D:/NAS_Data3/MIDE-925.jpg
MIDE-924,,,D:/NAS_Data3/MIDE-924.mp4,D:/NAS_Data3/MIDE-924.jpg
MIAA-574,,,D:/NAS_Data3/MIAA-574.mp4,D:/NAS_Data3/MIAA-574.jpg
MIAA-525,,,D:/NAS_Data3/MIAA-525.mp4,D:/NAS_Data3/MIAA-525.jpg
MIAA-524,,,D:/NAS_Data3/MIAA-524.mp4,D:/NAS_Data3/MIAA-524.jpg
MIAA-501,,,D:/NAS_Data3/MIAA-501.mp4,D:/NAS_Data3/MIAA-501.jpg
MIAA-494,,,D:/NAS_Data3/MIAA-494.mp4,D:/NAS_Data3/MIAA-494.jpg
MIAA-465,,,D:/NAS_Data3/MIAA-465.mp4,D:/NAS_Data3/MIAA-465.jpg
MIAA-461,,,D:/NAS_Data3/MIAA-461.mp4,D:/NAS_Data3/MIAA-461.jpg
MIAA-342,,,D:/NAS_Data3/MIAA-342.mp4,D:/NAS_Data3/MIAA-342.jpg
MEYD-664,,,D:/NAS_Data3/MEYD-664.mp4,D:/NAS_Data3/MEYD-664.jpg
HNDS-073,,,D:/NAS_Data3/HNDS-073.mp4,D:/NAS_Data3/HNDS-073.jpg
EBOD-856,,,D:/NAS_Data3/EBOD-856.mp4,D:/NAS_Data3/EBOD-856.jpg
CJOD-305,,,D:/NAS_Data3/CJOD-305.mp4,D:/NAS_Data3/CJOD-305.jpg
CAWD-252,,,D:/NAS_Data3/CAWD-252.mp4,D:/NAS_Data3/CAWD-252.jpg
ABW-158,,,D:/NAS_Data3/ABW-158.mp4,D:/NAS_Data3/ABW-158.jpg
SPIVR-014,,C,D:/NAS_Data3/- [VR] SPIVR-014C.mp4,D:/NAS_Data3/SPIVR-014.jpg
SPIVR-014,,B,D:/NAS_Data3/- [VR] SPIVR-014B.mp4,D:/NAS_Data3/SPIVR-014.jpg
SPIVR-014,,A,D:/NAS_Data3/- [VR] SPIVR-014A.mp4,D:/NAS_Data3/SPIVR-014.jpg
