,prod_id,path,content_id,sub_path
0,ABW-135,X:\JAV\ABW\ABW-135.mp4,,
1,AVOP-423,X:\JAV\AVOP\AVOP-423.mp4,avop00423,X:\JAV\AVOP\AVOP-423.srt
2,BAB-032,D:\NAS_Data3\[download]\JAV\BAB-032.mp4,bab00032,
3,CAWD-268,D:\NAS_Data3\[download]\JAV\CAWD-268.mp4,cawd00268,
4,CHRV-142,D:\NAS_Data3\[download]\JAV\CHRV-142.mp4,chrv00142,
5,DNJR-059,D:\NAS_Data3\[download]\JAV\DNJR-059.mp4,dnjr00059,
6,FSDSS-026,X:\JAV\FSDSS-026.mp4,1fsdss00026,X:\JAV\FSDSS-026.srt
7,HMN-030,D:\NAS_Data3\[download]\JAV\HMN-030.mp4,hmn00030,
8,IPZ-718,X:\JAV\IPZ-718.wmv,ipz00718,X:\JAV\IPZ-718.smi
9,JUFD-977,X:\JAV\JUFD-977.mp4,jufd00977,
10,JUFE-335,D:\NAS_Data3\[download]\JAV\JUFE-335.mp4,jufe00335,
11,MIAA-323,X:\JAV\MIAA-323.mp4,miaa00323,
12,MIFD-171,D:\NAS_Data3\[download]\JAV\MIFD-171.mp4,mifd00171,
13,SUPA-160,D:\NAS_Data3\[download]\JAV\SUPA-160.mkv,,
14,VRTM-492,D:\NAS_Data3\[download]\JAV\VRTM-492.mp4,,
15,ABP-016,X:\JAV\ABP\ABP-016.avi,118abp00016,
16,ABP-051,X:\JAV\ABP\ABP-051.wmv,118abp00051,
17,ABP-073,X:\JAV\ABP\ABP-073.wmv,118abp00073,
18,ABP-083,X:\JAV\ABP\ABP-083.wmv,118abp00083,X:\JAV\ABP\ABP-083.smi
19,ABP-108,X:\JAV\ABP\ABP-108.wmv,118abp00108,X:\JAV\ABP\ABP-108.srt
20,ABP-119,X:\JAV\ABP\ABP-119.wmv,118abp00119,X:\JAV\ABP\ABP-119.srt
21,ABP-138,X:\JAV\ABP\ABP-138.wmv,118abp00138,
22,ABP-145,X:\JAV\ABP\ABP-145.wmv,118abp00145,
23,ABP-149,X:\JAV\ABP\ABP-149.wmv,118abp00149,X:\JAV\ABP\ABP-149.smi
24,ABP-159,X:\JAV\ABP\ABP-159.mkv,118abp00159,
25,ABP-163,X:\JAV\ABP\ABP-163.wmv,,
26,ABP-171,X:\JAV\ABP\ABP-171.mkv,118abp00171,X:\JAV\ABP\ABP-171.smi
27,ABP-178,X:\JAV\ABP\ABP-178.mkv,118abp00178,
28,ABP-186,X:\JAV\ABP\ABP-186.wmv,118abp00186,
29,ABP-197,X:\JAV\ABP\ABP-197.wmv,118abp00197,X:\JAV\ABP\ABP-197.smi
30,ABP-202,X:\JAV\ABP\ABP-202.mkv,118abp00202,
31,ABP-210,X:\JAV\ABP\ABP-210.wmv,118abp00210,
32,ABP-228,X:\JAV\ABP\ABP-228.mp4,118abp00228,
33,ABP-229,X:\JAV\ABP\ABP-229.mkv,118abp00229,X:\JAV\ABP\ABP-229.smi
34,ABP-251,X:\JAV\ABP\ABP-251.mp4,118abp00251,X:\JAV\ABP\ABP-251.smi
35,ABP-254,X:\JAV\ABP\ABP-254.wmv,118abp00254,X:\JAV\ABP\ABP-254.smi
36,ABP-277,X:\JAV\ABP\ABP-277.mp4,118abp00277,
37,ABP-289,X:\JAV\ABP\ABP-289.wmv,118abp00289,
38,ABP-291,X:\JAV\ABP\ABP-291.mp4,118abp00291,
39,ABP-303,X:\JAV\ABP\ABP-303.mp4,118abp00303,
40,ABP-308,X:\JAV\ABP\ABP-308.avi,118abp00308,
41,ABP-312,X:\JAV\ABP\ABP-312.mp4,118abp00312,
42,ABP-312B,X:\JAV\ABP\ABP-312B.mp4,,
43,ABP-315,X:\JAV\ABP\ABP-315.mkv,118abp00315,
44,ABP-319,X:\JAV\ABP\ABP-319.mkv,118abp00319,
45,ABP-325,X:\JAV\ABP\ABP-325.mkv,118abp00325,
46,ABP-326,X:\JAV\ABP\ABP-326.mkv,118abp00326,
47,ABP-331,X:\JAV\ABP\ABP-331.avi,118abp00331,
48,ABP-333,X:\JAV\ABP\ABP-333.mp4,118abp00333,
49,ABP-352,X:\JAV\ABP\ABP-352.avi,118abp00352,
50,ABP-371,X:\JAV\ABP\ABP-371.mkv,118abp00371,X:\JAV\ABP\ABP-371.smi
51,ABP-377,X:\JAV\ABP\ABP-377.avi,118abp00377,
52,ABP-382,X:\JAV\ABP\ABP-382.mkv,118abp00382,
53,ABP-383,X:\JAV\ABP\ABP-383.mkv,118abp00383,
54,ABP-392,X:\JAV\ABP\ABP-392.mkv,118abp00392,
55,ABP-398,X:\JAV\ABP\ABP-398.mp4,118abp00398,
56,ABP-415,X:\JAV\ABP\ABP-415.avi,118abp00415,
57,ABP-421,X:\JAV\ABP\ABP-421.mkv,118abp00421,
58,ABP-469,X:\JAV\ABP\ABP-469.mp4,118abp00469,
59,ABP-494,X:\JAV\ABP\ABP-494.avi,118abp00494,
60,ABP-509,X:\JAV\ABP\ABP-509.avi,118abp00509,
61,ABP-525,X:\JAV\ABP\abp-525.mp4,118abp00525,
62,ABP-532,X:\JAV\ABP\ABP-532.mkv,118abp00532,
63,ABP-539,X:\JAV\ABP\ABP-539.mp4,118abp00539,
64,ABP-542,X:\JAV\ABP\ABP-542.mp4,118abp00542,
65,ABP-543,X:\JAV\ABP\ABP-543.mp4,118abp00543,X:\JAV\ABP\ABP-543.srt
66,ABP-551,X:\JAV\ABP\ABP-551.mp4,118abp00551,
67,ABP-554,X:\JAV\ABP\ABP-554.mp4,118abp00554,X:\JAV\ABP\ABP-554.srt
68,ABP-567,X:\JAV\ABP\ABP-567.mp4,118abp00567,
69,ABP-580,X:\JAV\ABP\ABP-580.mkv,118abp00580,
70,ABP-585,X:\JAV\ABP\ABP-585.mkv,118abp00585,
71,ABP-594,X:\JAV\ABP\ABP-594.mkv,118abp00594,X:\JAV\ABP\ABP-594.smi
72,ABP-603,X:\JAV\ABP\ABP-603.mkv,118abp00603,
73,ABP-621,X:\JAV\ABP\ABP-621.mkv,118abp00621,
74,ABP-629,X:\JAV\ABP\ABP-629.mp4,118abp00629,
75,ABP-644,X:\JAV\ABP\ABP-644.mp4,118abp00644,
76,ABP-684,X:\JAV\ABP\ABP-684.mkv,118abp00684,X:\JAV\ABP\ABP-684.smi
77,ABP-686,X:\JAV\ABP\ABP-686.mp4,118abp00686,
78,ABP-690,X:\JAV\ABP\ABP-690.mkv,118abp00690,
79,ABP-703,X:\JAV\ABP\ABP-703.mkv,118abp00703,
80,ABP-709,X:\JAV\ABP\ABP-709.mkv,118abp00709,
81,ABP-713,X:\JAV\ABP\ABP-713.mp4,118abp00713,X:\JAV\ABP\ABP-713.srt
82,ABP-719,X:\JAV\ABP\ABP-719.mp4,118abp00719,
83,ABP-724,X:\JAV\ABP\ABP-724.mkv,118abp00724,
84,ABP-742,X:\JAV\ABP\ABP-742.mp4,118abp00742,
85,ABP-742B,X:\JAV\ABP\ABP-742B.mp4,,
86,ABP-761,X:\JAV\ABP\ABP-761.mp4,118abp00761,
87,ABP-773,X:\JAV\ABP\ABP-773.mp4,118abp00773,
88,ABP-806,X:\JAV\ABP\ABP-806.mp4,118abp00806,X:\JAV\ABP\ABP-806.srt
89,ABP-821,X:\JAV\ABP\ABP-821.mp4,118abp00821,
90,ABP-838,X:\JAV\ABP\ABP-838.mp4,118abp00838,
91,ABP-849,X:\JAV\ABP\ABP-849.mp4,118abp00849,
92,ABP-859,X:\JAV\ABP\ABP-859.mp4,118abp00859,
93,ABP-868,X:\JAV\ABP\ABP-868.mp4,118abp00868,
94,ABP-889,X:\JAV\ABP\ABP-889.mp4,118abp00889,X:\JAV\ABP\ABP-889.srt
95,ABP-897,X:\JAV\ABP\ABP-897.mp4,118abp00897,
96,ABP-901,X:\JAV\ABP\ABP-901.mp4,118abp00901,
97,ABP-908,X:\JAV\ABP\ABP-908.mp4,118abp00908,
98,ABP-910,X:\JAV\ABP\ABP-910.mp4,118abp00910,
99,ABP-912,X:\JAV\ABP\ABP-912.mp4,118abp00912,
100,ABP-919,X:\JAV\ABP\ABP-919.mp4,118abp00919,X:\JAV\ABP\ABP-919.smi
101,ABP-933,X:\JAV\ABP\ABP-933.mp4,118abp00933,
102,ABP-968,X:\JAV\ABP\ABP-968.mp4,118abp00968,
103,ABP-974,X:\JAV\ABP\ABP-974.mp4,118abp00974,X:\JAV\ABP\ABP-974.srt
104,ABP-984,X:\JAV\ABP\ABP-984.mp4,118abp00984,X:\JAV\ABP\ABP-984.srt
105,ABP-991,X:\JAV\ABP\ABP-991.mp4,118abp00991,X:\JAV\ABP\ABP-991.srt
106,ABS-127,X:\JAV\ABS\ABS-127.avi,118abs00127,
107,ABS-139,X:\JAV\ABS\ABS-139.avi,118abs00139,
108,ABS-167,X:\JAV\ABS\ABS-167.mp4,118abs00167,X:\JAV\ABS\ABS-167.smi
109,ABS-191,X:\JAV\ABS\ABS-191.avi,118abs00191,
110,ABS-204,X:\JAV\ABS\ABS-204.avi,118abs00204,
111,ABS-224,X:\JAV\ABS\ABS-224.mp4,118abs00224,
112,ABW-013,X:\JAV\ABW\ABW-013.mp4,118abw00013,
113,ABW-022,X:\JAV\ABW\ABW-022.mp4,118abw00022,X:\JAV\ABW\ABW-022.srt
114,ABW-084,X:\JAV\ABW\ABW-084.mp4,,
115,ADN-039,X:\JAV\ADN\ADN-039.avi,adn00039,X:\JAV\ADN\ADN-039.smi
116,ADN-046,X:\JAV\ADN\ADN-046.mkv,adn00046,X:\JAV\ADN\ADN-046.smi
117,AKA-024,X:\JAV\AKA\AKA-024.mkv,118aka00024,
118,AKA-047,X:\JAV\AKA\AKA-047.mkv,118aka00047,
119,ALD-809 B,X:\JAV\ALD\ALD-809 B.mp4,,
120,ALD-809,X:\JAV\ALD\ALD-809.mp4,ald00809,
121,ALD-815,X:\JAV\ALD\ALD-815.mp4,ald00815,
122,APAK-088,X:\JAV\APAK\APAK-088.mkv,apak00088,
123,APAK-100,X:\JAV\APAK\APAK-100.wmv,apak00100,
124,APAK-114,X:\JAV\APAK\APAK-114.mkv,apak00114,
125,APAK-142,X:\JAV\APAK\APAK-142.avi,apak00142,
126,APAK-158,X:\JAV\APAK\APAK-158.mkv,apak00158,
127,APKH-016,X:\JAV\APKH\APKH-016.mp4,apkh00016,
128,APKH-096,X:\JAV\APKH\APKH-096.mp4,apkh00096,
129,APNS-032,X:\JAV\APNS\APNS-032.ts,apns00032,
130,APNS-041,X:\JAV\APNS\APNS-041.mkv,apns00041,
131,APNS-073,X:\JAV\APNS\APNS-073.mp4,apns00073,
132,APNS-114,X:\JAV\APNS\APNS-114.mp4,apns00114,
133,APNS-115,X:\JAV\APNS\APNS-115.mp4,apns00115,
134,APNS-121,X:\JAV\APNS\APNS-121.mp4,apns00121,
135,APNS-122,X:\JAV\APNS\APNS-122.mp4,apns00122,
136,APNS-134,X:\JAV\APNS\APNS-134.mp4,apns00134,
137,APNS-147,X:\JAV\APNS\APNS-147.mp4,apns00147,
138,APNS-237,X:\JAV\APNS\APNS-237.mp4,apns00237,
139,AVOP-008,X:\JAV\AVOP\AVOP-008.avi,118avop00008,
140,AVOP-102,X:\JAV\AVOP\AVOP-102.mp4,1avop00102,
141,AVOP-119,X:\JAV\AVOP\AVOP-119.mkv,,
142,AVOP-125,X:\JAV\AVOP\AVOP-125.mp4,avop00125,X:\JAV\AVOP\AVOP-125.smi
143,AVOP-126,X:\JAV\AVOP\AVOP-126.avi,1avop00126,X:\JAV\AVOP\AVOP-126.smi
144,AVOP-127,X:\JAV\AVOP\AVOP-127.mp4,avop00127,X:\JAV\AVOP\AVOP-127.srt
145,AVOP-166,X:\JAV\AVOP\AVOP-166.mkv,avop00166,
146,AVOP-210,X:\JAV\AVOP\AVOP-210.wmv,avop00210,
147,AVOP-212,X:\JAV\AVOP\AVOP-212.mp4,avop00212,
148,AVOP-232,X:\JAV\AVOP\AVOP-232.mkv,avop00232,
149,AVOP-303,X:\JAV\AVOP\AVOP-303.mkv,avop00303,
150,AVOP-309,X:\JAV\AVOP\AVOP-309.mp4,avop00309,
151,AVOP-314,X:\JAV\AVOP\AVOP-314.mkv,avop00314,
152,AVOP-348,X:\JAV\AVOP\AVOP-348.mkv,avop00348,
153,BF-243,X:\JAV\BF\BF-243.mp4,bf00243,
154,BF-494,X:\JAV\BF\BF-494.mkv,bf00494,
155,BF-511,X:\JAV\BF\BF-511.mkv,bf00511,
156,BF-530,X:\JAV\BF\BF-530.mkv,bf00530,
157,BF-531,X:\JAV\BF\BF-531.mp4,bf00531,X:\JAV\BF\BF-531.smi
158,BF-576,X:\JAV\BF\BF-576.mp4,bf00576,
159,BF-582,X:\JAV\BF\BF-582.mp4,bf00582,
160,CAWD-020,X:\JAV\CAWD\CAWD-020.mp4,cawd00020,X:\JAV\CAWD\CAWD-020.srt
161,CAWD-099,X:\JAV\CAWD\CAWD-099.mp4,cawd00099,
162,CAWD-279,X:\JAV\CAWD\CAWD-279.mp4,cawd00279,
163,CHN-037,X:\JAV\CHN\CHN-037.wmv,118chn00037,
164,CHN-059,X:\JAV\CHN\CHN-059.wmv,118chn00059,
165,CHN-064,X:\JAV\CHN\CHN-064.wmv,118chn00064,X:\JAV\CHN\CHN-064.smi
166,CHN-069,X:\JAV\CHN\CHN-069.mp4,118chn00069,
167,CHN-104,X:\JAV\CHN\CHN-104.mp4,118chn00104,
168,CHN-111,X:\JAV\CHN\CHN-111.mp4,118chn00111,X:\JAV\CHN\CHN-111.srt
169,CHN-174,X:\JAV\CHN\CHN-174.mp4,118chn00174,X:\JAV\CHN\CHN-174.smi
170,CJOD-100,X:\JAV\CJOD\CJOD-100.mp4,cjod00100,
171,CJOD-124,X:\JAV\CJOD\CJOD-124.mp4,cjod00124,
172,CJOD-149,X:\JAV\CJOD\CJOD-149.mp4,,
173,CJOD-196,X:\JAV\CJOD\CJOD-196.mp4,cjod00196,
174,CJOD-201,X:\JAV\CJOD\CJOD-201.wmv,cjod00201,
175,CJOD-205,X:\JAV\CJOD\CJOD-205.mp4,cjod00205,
176,CJOD-247,X:\JAV\CJOD\CJOD-247.mp4,cjod00247,
177,CJOD-278,X:\JAV\CJOD\CJOD-278.mp4,cjod00278,
178,CJOD-307,X:\JAV\CJOD\CJOD-307.mp4,cjod00307,
179,CJOD-308,X:\JAV\CJOD\CJOD-308.mp4,cjod00308,
180,CND-017,X:\JAV\CND\CND-017.wmv,cnd00017,
181,CND-025,X:\JAV\CND\CND-025.wmv,cnd00025,
182,CND-031,X:\JAV\CND\CND-031.mp4,cnd00031,
183,CND-037,X:\JAV\CND\CND-037.wmv,cnd00037,
184,CND-037B,X:\JAV\CND\CND-037B.wmv,,
185,CORE-042,X:\JAV\CORE-042.mp4,core00042,
186,COSQ-029,X:\JAV\COSQ-029.mp4,cosq00029,X:\JAV\COSQ-029.smi
187,CWM-221,X:\JAV\CWM-221.avi,2cwm00221,
188,DANDY-729,X:\JAV\DANDY-729.mp4,1dandy00729,
189,DASD-276,X:\JAV\DASD\DASD-276.mp4,dasd00276,
190,DASD-293,X:\JAV\DASD\DASD-293.mkv,dasd00293,
191,DASD-304,X:\JAV\DASD\DASD-304.mkv,dasd00304,
192,DASD-321,X:\JAV\DASD\DASD-321.mp4,dasd00321,
193,DASD-409,X:\JAV\DASD\DASD-409.mp4,dasd00409,X:\JAV\DASD\DASD-409.smi
194,DASD-468,X:\JAV\DASD\DASD-468.mp4,dasd00468,
195,DASD-558,X:\JAV\DASD\DASD-558.mp4,dasd00558,
196,DASD-623,X:\JAV\DASD\DASD-623.mp4,dasd00623,X:\JAV\DASD\DASD-623.srt
197,DASD308,X:\JAV\DASD\DASD308.mkv,,
198,DCOL-017,X:\JAV\DCOL-017.avi,dcol00017,
199,DCOL-057,X:\JAV\DCOL-057.avi,,
200,DCOL-069,X:\JAV\DCOL-069.wmv,dcol00069,
201,DCOL-071,X:\JAV\DCOL-071.avi,dcol00071,
202,DDK-123,X:\JAV\DDK-123.mp4,ddk00123,
203,DDT-263,X:\JAV\DDT-263.wmv,ddt00263,
204,DDT-508,X:\JAV\DDT-508.mkv,ddt00508,
205,DGL-018,X:\JAV\DGL-018.wmv,dgl00018,
206,DGL-028,X:\JAV\DGL-028.mp4,dgl00028,
207,DGL-041,X:\JAV\DGL-041.avi,dgl00041,
208,DGL-071,X:\JAV\DGL-071.wmv,dgl00071,X:\JAV\DGL-071.smi
209,DIC-021,X:\JAV\DIC-021.mp4,118dic00021,
210,DMDG-018,X:\JAV\DMDG-018.mp4,dmdg00018,
211,DNJR-010,X:\JAV\DNJR-010.mp4,dnjr00010,
212,DOCP-056,X:\JAV\DOCP-056.mp4,118docp00056,
213,DOCP-130,X:\JAV\DOCP-130.mp4,118docp00130,
214,DOCP-184,X:\JAV\DOCP-184.mp4,118docp00184,
215,DOCP-202,X:\JAV\DOCP-202.mp4,118docp00202,
216,DOM-045,X:\JAV\DOM-045.wmv,118dom00045,X:\JAV\DOM-045.smi
217,DV-1456,X:\JAV\DV-1456.avi,53dv01456,
218,DV-1466,X:\JAV\DV-1466.wmv,53dv01466,
219,DV-1522,X:\JAV\DV-1522.mp4,53dv01522,
220,DV-1541,X:\JAV\DV-1541.mp4,53dv01541,
221,DV-1633,X:\JAV\DV-1633.avi,53dv01633,
222,DV-1682,X:\JAV\DV-1682.wmv,53dv01682,
223,DVAJ-0053,X:\JAV\DVAJ-0053.avi,,
224,DVAJ-153,X:\JAV\DVAJ-153.mp4,dvaj00153,
225,DVDMS-057,X:\JAV\DVDMS-057.mp4,dvdms00057,
226,DVDMS-362,X:\JAV\DVDMS-362.mp4,dvdms00362,
227,DVDMS-502,X:\JAV\DVDMS-502.mp4,dvdms00502,
228,DWD-109,X:\JAV\DWD-109.mp4,dwd00109,
229,EBOD-386,X:\JAV\EBOD\EBOD-386.mkv,ebod00386,
230,EBOD-429,X:\JAV\EBOD\EBOD-429.wmv,ebod00429,X:\JAV\EBOD\EBOD-429.smi
231,EBOD-433,X:\JAV\EBOD\EBOD-433.avi,ebod00433,
232,EBOD-446,X:\JAV\EBOD\EBOD-446.mkv,ebod00446,
233,EBOD-454,X:\JAV\EBOD\EBOD-454.mp4,ebod00454,
234,EBOD-467,X:\JAV\EBOD\EBOD-467.mkv,ebod00467,
235,EBOD-500,X:\JAV\EBOD\EBOD-500.mkv,ebod00500,
236,EBOD-511,X:\JAV\EBOD\EBOD-511.mp4,ebod00511,
237,EBOD-571,X:\JAV\EBOD\EBOD-571.mkv,ebod00571,X:\JAV\EBOD\EBOD-571.smi
238,EBOD-683,X:\JAV\EBOD\EBOD-683.mp4,ebod00683,
239,EBOD-688,X:\JAV\EBOD\EBOD-688.mp4,ebod00688,
240,EBOD-707,X:\JAV\EBOD\EBOD-707.mp4,ebod00707,
241,EBOD-795,X:\JAV\EBOD\EBOD-795.mp4,ebod00795,
242,EBOD-843,X:\JAV\EBOD\EBOD-843.mp4,ebod00843,
243,ECR-0073,X:\JAV\ECR-0073.mkv,,
244,EDD-202,X:\JAV\EDD-202.mkv,118edd00202,X:\JAV\EDD-202.smi
245,EDD-218,X:\JAV\EDD-218.avi,118edd00218,X:\JAV\EDD-218.smi
246,EKDV-183,X:\JAV\EKDV-183.avi,49ekdv00183,
247,EKDV-315,X:\JAV\EKDV-315.wmv,49ekdv00315,
248,EKDV-470,X:\JAV\EKDV-470.mkv,49ekdv00470,
249,EKDV-582,X:\JAV\EKDV-582.mp4,49ekdv00582,
250,ESK-247,X:\JAV\ESK-247.mkv,118esk00247,
251,ESK-296,X:\JAV\ESK-296.mp4,118esk00296,
252,AGEMIX-382,X:\JAV\ETC\AGEMIX-382.mp4,,
253,APAA-258,X:\JAV\ETC\APAA-258.wmv,apaa00258,
254,ARA-014,X:\JAV\ETC\ARA-014.avi,28ara00014,
255,ARBB-028,X:\JAV\ETC\ARBB-028.mp4,,
256,ARM-754,X:\JAV\ETC\ARM-754.mp4,arm00754,
257,ASFB-192,X:\JAV\ETC\ASFB-192.mp4,asfb00192,
258,ATFB-217,X:\JAV\ETC\ATFB-217.mp4,atfb00217,
259,ATID-219,X:\JAV\ETC\ATID-219.avi,atid00219,
260,ATID-247,X:\JAV\ETC\ATID-247.mp4,atid00247,
261,AUKG-151B,X:\JAV\ETC\AUKG-151B.wmv,,
262,AVGL-109,X:\JAV\ETC\AVGL-109.mp4,,
263,AVGL-109B,X:\JAV\ETC\AVGL-109B.wmv,,
264,AWT-074,X:\JAV\ETC\AWT-074.mp4,awt00074,
265,BAHP-005,X:\JAV\ETC\BAHP-005.mp4,bahp00005,
266,BBAN-101,X:\JAV\ETC\BBAN-101.mp4,bban00101,
267,BBAN-223,X:\JAV\ETC\BBAN-223.mp4,bban00223,
268,BBI-131,X:\JAV\ETC\BBI-131.avi,bbi00131,
269,BBI-163,X:\JAV\ETC\BBI-163.mkv,bbi00163,
270,BDSR-195,X:\JAV\ETC\BDSR-195.avi,57bdsr00195,
271,BDSR-295,X:\JAV\ETC\BDSR-295.avi,57bdsr00295,
272,BEB-113,X:\JAV\ETC\BEB-113.mp4,beb00113,
273,BGN-025,X:\JAV\ETC\BGN-025.mkv,118bgn00025,
274,BGN-031,X:\JAV\ETC\BGN-031.avi,118bgn00031,X:\JAV\ETC\BGN-031.smi
275,BGN-048,X:\JAV\ETC\BGN-048.mp4,118bgn00048,
276,BGN-054,X:\JAV\ETC\BGN-054.mp4,118bgn00054,
277,BIST-001,X:\JAV\ETC\BIST-001.avi,bist00001,
278,BKKG014,X:\JAV\ETC\BKKG014.avi,,
279,BLK-314,X:\JAV\ETC\BLK-314.mp4,blk00314,
280,BLK-407,X:\JAV\ETC\BLK-407.mp4,blk00407,
281,BLK-495,X:\JAV\ETC\BLK-495.mp4,blk00495,
282,BLK-512,X:\JAV\ETC\BLK-512.mp4,blk00512,
283,CESD-132,X:\JAV\ETC\CESD-132.mp4,cesd00132,
284,EYAN-001,X:\JAV\EYAN-001.wmv,eyan00001,
285,EYAN-011,X:\JAV\EYAN-011.wmv,eyan00011,X:\JAV\EYAN-011.smi
286,EYAN-041,X:\JAV\EYAN-041.mkv,eyan00041,
287,EYAN-054,X:\JAV\EYAN-054.mkv,eyan00054,
288,EYAN-082,X:\JAV\EYAN-082.mp4,eyan00082,X:\JAV\EYAN-082.srt
289,EYAN-151,X:\JAV\EYAN-151.mp4,eyan00151,
290,FAX-527,X:\JAV\FAX-527.mp4,fax00527,
291,FC2-PPV-1480904,X:\JAV\FC2-PPV-1480904.mp4,,
292,FC2PPV-1410419,X:\JAV\FC2PPV-1410419.mp4,,
293,FERA-28,X:\JAV\FERA-28.mp4,,
294,FOW-013,X:\JAV\FOW-013.mp4,,
295,FSDSS-061,X:\JAV\FSDSS-061.mp4,1fsdss00061,
296,FSDSS-169,X:\JAV\FSDSS-169.mp4,1fsdss00169,
297,FSDSS-276,X:\JAV\FSDSS-276.mp4,1fsdss00276,
298,GACHI-1151 GACH I-1151,X:\JAV\GACHI-1151 Gach i-1151.mp4,,
299,GACHI-1151,X:\JAV\gachi-1151.wmv,,X:\JAV\GACHI-1151.smi
300,GACHIP-365,X:\JAV\Gachip-365.wmv,,
301,GAID-004,X:\JAV\GAID-004.mp4,,
302,GDTM-163,X:\JAV\GDTM-163.mkv,gdtm00163,
303,GEKI-019,X:\JAV\GEKI-019.mp4,geki00019,
304,GENT-060,X:\JAV\GENT-060.mkv,gent00060,
305,GGG-002,X:\JAV\GGG-002.wmv,,
306,GS-053,X:\JAV\GS-053.mp4,1gs00053,
307,GTJ-033,X:\JAV\GTJ-033.mkv,gtj00033,
308,GVG-131,X:\JAV\GVG-131.mkv,13gvg00131,
309,GVG-139,X:\JAV\GVG-139.mkv,13gvg00139,
310,GVG-197,X:\JAV\GVG-197.wmv,13gvg00197,
311,GVG-344,X:\JAV\GVG-344.mp4,13gvg00344,
312,GVG-514,X:\JAV\GVG-514.mp4,13gvg00514,
313,HAWA-208,X:\JAV\HAWA-208.mp4,1hawa00208,
314,HAWA-208B,X:\JAV\HAWA-208B.mp4,,
315,HEYZO-0215,X:\JAV\HEYZO-0215.mp4,,
316,HITMA-141,X:\JAV\HITMA-141.wmv,55hitma00141,
317,HJMO-451,X:\JAV\HJMO-451.mp4,hjmo00451,
318,HMN-035,X:\JAV\HMN-035.mp4,hmn00035,
319,HMPD-10037,X:\JAV\HMPD-10037.mp4,41hmpd010037,
320,HND-027,X:\JAV\HND-027.wmv,hnd00027,
321,HND-044,X:\JAV\HND-044.wmv,hnd00044,
322,HND-060,X:\JAV\HND-060.mp4,hnd00060,
323,HND-191,X:\JAV\HND-191.mkv,hnd00191,
324,HND-409,X:\JAV\HND-409.mp4,hnd00409,
325,HND-424,X:\JAV\HND-424.mp4,hnd00424,
326,HND-431,X:\JAV\HND-431.mp4,hnd00431,
327,HND-468,X:\JAV\HND-468.mkv,hnd00468,
328,HND-498,X:\JAV\HND-498.mp4,hnd00498,
329,HND-576,X:\JAV\HND-576.mp4,hnd00576,
330,HND-590,X:\JAV\HND-590.mp4,hnd00590,
331,HND-635,X:\JAV\HND-635.mp4,hnd00635,
332,HND-642,X:\JAV\HND-642.mkv,hnd00642,
333,HND-657,X:\JAV\HND-657.mp4,hnd00657,
334,HND-667,X:\JAV\HND-667.mp4,hnd00667,
335,HND-674,X:\JAV\HND-674.mp4,hnd00674,
336,HND-695,X:\JAV\HND-695.mp4,hnd00695,
337,HND-725,X:\JAV\HND-725.mp4,hnd00725,
338,HND-748,X:\JAV\HND-748.mp4,hnd00748,
339,HND-785,X:\JAV\HND-785.mp4,hnd00785,
340,HND-836,X:\JAV\HND-836.mp4,hnd00836,
341,HND-843,X:\JAV\HND-843.mkv,hnd00843,
342,HND-847,X:\JAV\HND-847.mp4,hnd00847,
343,HND-861,X:\JAV\HND-861.mp4,hnd00861,X:\JAV\HND-861.srt
344,HND-946,X:\JAV\HND-946.mp4,hnd00946,
345,HND-975,X:\JAV\HND-975.mp4,hnd00975,
346,HNDS-022,X:\JAV\HNDS-022.mkv,hnds00022,
347,HNDS-027,X:\JAV\HNDS-027.avi,hnds00027,
348,HNDS-037,X:\JAV\HNDS-037.mkv,hnds00037,
349,HODV-21332,X:\JAV\HODV-21332.mp4,41hodv021332,
350,HOI-018,X:\JAV\HOI-018.mp4,,
351,HOI-080,X:\JAV\HOI-080.mp4,,
352,HOI-083,X:\JAV\HOI-083.mp4,,
353,HON-001,X:\JAV\HON-001.wmv,1hon00001,
354,HRPG-005,X:\JAV\HRPG-005.mkv,hrpg00005,
355,HUNT-984,X:\JAV\HUNT-984.mp4,1hunt00984,
356,HUNTA-511 B,X:\JAV\HUNTA-511 B.mp4,,
357,HUNTA-511,X:\JAV\HUNTA-511.mp4,hunta00511,
358,HZGD-118,X:\JAV\HZGD-118.mp4,,
359,IDBD-612,X:\JAV\idbd-612.mkv,idbd00612,
360,IDBD-612B,X:\JAV\idbd-612B.mkv,,
361,IDBD-842,X:\JAV\IDBD-842.mp4,idbd00842,
362,IENE-739,X:\JAV\IENE-739.mp4,1iene00739,
363,INU-005,X:\JAV\INU-005.wmv,118inu00005,
364,INU-027,X:\JAV\INU-027.wmv,118inu00027,
365,INU-047,X:\JAV\INU-047.wmv,118inu00047,
366,INU-049,X:\JAV\INU-049.wmv,118inu00049,
367,INU-050,X:\JAV\INU-050.wmv,118inu00050,
368,IPSD-045,X:\JAV\IPSD-045.wmv,ipsd00045,
369,IPTD-927,X:\JAV\IPTD-927.wmv,iptd00927,X:\JAV\IPTD-927.smi
370,IPTD-935,X:\JAV\IPTD-935.wmv,iptd00935,X:\JAV\IPTD-935.smi
371,IPTD-949 B,X:\JAV\IPTD-949 B.wmv,,X:\JAV\IPTD-949 B.smi
372,IPTD-949,X:\JAV\IPTD-949.wmv,iptd00949,X:\JAV\IPTD-949.smi
373,IPX-028,X:\JAV\IPX-028.mp4,ipx00028,
374,IPX-039,X:\JAV\IPX-039.mkv,ipx00039,X:\JAV\IPX-039.smi
375,IPX-200,X:\JAV\IPX-200.mp4,ipx00200,
376,IPX-219,X:\JAV\IPX-219.mkv,ipx00219,
377,IPX-233,X:\JAV\IPX-233.mp4,ipx00233,
378,IPX-238,X:\JAV\IPX-238.mp4,ipx00238,
379,IPX-265,X:\JAV\IPX-265.mp4,ipx00265,
380,IPX-298,X:\JAV\IPX-298.mp4,ipx00298,
381,IPX-308,X:\JAV\IPX-308.mp4,ipx00308,
382,IPX-350,X:\JAV\IPX-350.mkv,ipx00350,
383,IPX-383,X:\JAV\IPX-383.mp4,ipx00383,
384,IPX-497,X:\JAV\IPX-497.mp4,ipx00497,
385,IPX-571,X:\JAV\IPX-571.mp4,ipx00571,X:\JAV\IPX-571.srt
386,IPX-690,X:\JAV\IPX-690.mp4,ipx00690,X:\JAV\IPX-690.srt
387,IPZ-127,X:\JAV\IPZ-127.wmv,,X:\JAV\IPZ-127.smi
388,IPZ-236,X:\JAV\IPZ-236.mp4,ipz00236,
389,IPZ-319,X:\JAV\IPZ-319.avi,ipz00319,
390,IPZ-400 IPZ 400,X:\JAV\IPZ-400 IPZ 400.avi,,
391,IPZ-416,X:\JAV\IPZ-416.wmv,ipz00416,
392,IPZ-433,X:\JAV\IPZ-433.avi,ipz00433,X:\JAV\IPZ-433.smi
393,IPZ-472,X:\JAV\IPZ-472.mp4,ipz00472,
394,IPZ-522,X:\JAV\IPZ-522.mp4,ipz00522,
395,IPZ-541,X:\JAV\IPZ-541.wmv,ipz00541,
396,IPZ-565,X:\JAV\IPZ-565.mkv,ipz00565,
397,IPZ-577,X:\JAV\IPZ-577.mkv,ipz00577,X:\JAV\IPZ-577.smi
398,IPZ-580,X:\JAV\IPZ-580.mp4,ipz00580,
399,IPZ-607,X:\JAV\IPZ-607.mp4,ipz00607,X:\JAV\IPZ-607.smi
400,IPZ-660,X:\JAV\IPZ-660.avi,ipz00660,
401,IPZ-667,X:\JAV\IPZ-667.mp4,ipz00667,X:\JAV\IPZ-667.smi
402,IPZ-677,X:\JAV\IPZ-677.mp4,ipz00677,X:\JAV\IPZ-677.srt
403,IPZ-713,X:\JAV\IPZ-713.mkv,ipz00713,
404,IPZ-735,X:\JAV\IPZ-735.mp4,ipz00735,X:\JAV\IPZ-735.smi
405,IPZ-743,X:\JAV\IPZ-743.avi,ipz00743,
406,IPZ-809,X:\JAV\IPZ-809.mkv,ipz00809,
407,IPZ-855,X:\JAV\IPZ-855.mp4,ipz00855,X:\JAV\IPZ-855.srt
408,IPZ-925,X:\JAV\IPZ-925.mkv,ipz00925,
409,IPZ-933,X:\JAV\IPZ-933.mkv,ipz00933,
410,IPZ-942,X:\JAV\IPZ-942.mkv,ipz00942,
411,IPZ-976,X:\JAV\IPZ-976.mp4,ipz00976,
412,IPZ-985,X:\JAV\IPZ-985.mp4,ipz00985,X:\JAV\IPZ-985.smi
413,IPZ-990,X:\JAV\IPZ-990.mkv,ipz00990,
414,IPZ-995,X:\JAV\IPZ-995.mp4,ipz00995,
415,ISI-004,X:\JAV\ISI-004.avi,,
416,JAN-003,X:\JAV\JAN-003.mp4,118jan00003,
417,JBS-016,X:\JAV\JBS-016.avi,118jbs00016,
418,JBS-025,X:\JAV\JBS-025.avi,118jbs00025,
419,JKS-155,X:\JAV\JKS-155.mkv,36jks00155,
420,JKSR-176,X:\JAV\JKSR-176.mp4,57jksr00176,
421,JKSR-403,X:\JAV\JKSR-403.mp4,57jksr00403,
422,JUFD-567,X:\JAV\JUFD-567.mkv,jufd00567,
423,JUFD-569,X:\JAV\JUFD-569.mkv,jufd00569,X:\JAV\JUFD-569.srt
424,JUFD-760,X:\JAV\JUFD-760.mp4,jufd00760,
425,JUFD-840,X:\JAV\JUFD-840.mkv,jufd00840,
426,JUFE-067,X:\JAV\JUFE-067.mp4,jufe00067,
427,JUFE-074,X:\JAV\JUFE-074.mp4,jufe00074,
428,JUFE-083,X:\JAV\JUFE-083.mp4,jufe00083,
429,JUFE-136,X:\JAV\JUFE-136.mp4,jufe00136,
430,JUL-021,X:\JAV\JUL-021.mp4,jul00021,
431,JUL-084,X:\JAV\JUL-084.mp4,jul00084,X:\JAV\JUL-084.srt
432,JUL-179,X:\JAV\JUL-179.mp4,jul00179,X:\JAV\JUL-179.srt
433,JUL-185,X:\JAV\JUL-185.mp4,jul00185,
434,JUX-575,X:\JAV\JUX-575.mkv,jux00575,
435,JUY-255,X:\JAV\JUY-255.mp4,juy00255,X:\JAV\JUY-255.srt
436,JUY-343,X:\JAV\JUY-343.mp4,juy00343,X:\JAV\JUY-343.smi
437,KANE-010,X:\JAV\KANE-010.mp4,kane00010,
438,KAW-D731,X:\JAV\KAW-D731.mp4,,X:\JAV\KAW-D731.smi
439,KAWD-267,X:\JAV\KAWD-267.avi,kawd00267,
440,KAWD-316,X:\JAV\KAWD-316.wmv,kawd00316,
441,KAWD-357,X:\JAV\KAWD-357.avi,kawd00357,
442,KAWD-415,X:\JAV\KAWD-415.wmv,,
443,KAWD-530,X:\JAV\KAWD-530.wmv,kawd00530,X:\JAV\KAWD-530.smi
444,KAWD-539,X:\JAV\KAWD-539.avi,kawd00539,
445,KAWD-550,X:\JAV\KAWD-550.wmv,kawd00550,X:\JAV\KAWD-550.smi
446,KAWD-563,X:\JAV\KAWD-563.wmv,kawd00563,
447,KAWD-585,X:\JAV\KAWD-585.mkv,kawd00585,
448,KAWD-592,X:\JAV\KAWD-592.wmv,kawd00592,
449,KAWD-650,X:\JAV\KAWD-650.wmv,kawd00650,
450,KAWD-653,X:\JAV\KAWD-653.mkv,kawd00653,X:\JAV\KAWD-653.smi
451,KAWD-659,X:\JAV\KAWD-659.wmv,kawd00659,
452,KAWD-669,X:\JAV\KAWD-669.avi,kawd00669,
453,KAWD-680,X:\JAV\KAWD-680.mkv,kawd00680,X:\JAV\KAWD-680.smi
454,KAWD-681,X:\JAV\KAWD-681.mp4,kawd00681,X:\JAV\KAWD-681.smi
455,KAWD-692,X:\JAV\KAWD-692.mp4,kawd00692,
456,KAWD-710,X:\JAV\KAWD-710.mp4,kawd00710,X:\JAV\KAWD-710.smi
457,KAWD-732,X:\JAV\KAWD-732.mp4,kawd00732,
458,KAWD-764,X:\JAV\KAWD-764.avi,kawd00764,
459,KAWD-795,X:\JAV\KAWD-795.mp4,kawd00795,
460,KAWD-815,X:\JAV\KAWD-815.mkv,kawd00815,
461,KAWD-829,X:\JAV\KAWD-829.mp4,kawd00829,
462,KAWD-855,X:\JAV\KAWD-855.mp4,kawd00855,
463,KAWD-863,X:\JAV\KAWD-863.mp4,kawd00863,
464,KAWD-913,X:\JAV\KAWD-913.mp4,kawd00913,
465,KAWD-942,X:\JAV\KAWD-942.mp4,kawd00942,
466,KAWD-978,X:\JAV\KAWD-978.mp4,kawd00978,
467,KDKJ-036,X:\JAV\KDKJ-036.mkv,kdkj00036,
468,KMHR-052,X:\JAV\KMHR-052.mp4,1kmhr00052,
469,KMHR-057,X:\JAV\KMHR-057.mp4,1kmhr00057,
470,KMHR-060,X:\JAV\KMHR-060.mp4,1kmhr00060,
471,KRND003,X:\JAV\KRND003.avi,,
472,KRV-001,X:\JAV\KRV-001.avi,krv00001,
473,KRVS-002,X:\JAV\KRVS-002.mp4,118krvs00002,X:\JAV\KRVS-002.smi
474,KTDS-842,X:\JAV\KTDS-842.avi,,
475,KTKL-050,X:\JAV\KTKL-050.mp4,ktkl00050,
476,KTKP-067,X:\JAV\KTKP-067.mp4,ktkp00067,
477,KTRA-135,X:\JAV\KTRA-135.mp4,,
478,KWBD-211,X:\JAV\KWBD-211.avi,kwbd00211,
479,LAF-47,X:\JAV\LAF-47.mp4,,
480,LOVE-147,X:\JAV\LOVE-147.mp4,,
481,LOVE-239,X:\JAV\LOVE-239.mp4,,
482,LOVE-281,X:\JAV\LOVE-281.avi,,
483,LOVE-327,X:\JAV\LOVE-327.mkv,,
484,LZWM-003,X:\JAV\LZWM-003.mkv,lzwm00003,
485,MAAN-236,X:\JAV\MAAN-236.mp4,,
486,MAS-063,X:\JAV\MAS-063.mkv,118mas00063,
487,MAS-084,X:\JAV\MAS-084.avi,118mas00084,X:\JAV\MAS-084.smi
488,MAS-091,X:\JAV\MAS-091.wmv,118mas00091,X:\JAV\MAS-091.smi
489,MAS-107,X:\JAV\MAS-107.mp4,118mas00107,
490,MDB-601,X:\JAV\MDB-601.mkv,61mdb00601,
491,MDB-791,X:\JAV\MDB-791.mkv,61mdb00791,
492,MDB-824,X:\JAV\MDB-824.mp4,61mdb00824,
493,MDTM-008,X:\JAV\MDTM-008.mkv,61mdtm00008,
494,MDTM-018,X:\JAV\MDTM-018.wmv,61mdtm00018,
495,MDTM-024,X:\JAV\MDTM-024.mkv,61mdtm00024,
496,MDTM-251,X:\JAV\MDTM-251.mkv,61mdtm00251,
497,MDYD-896,X:\JAV\MDYD-896.mp4,mdyd00896,
498,MEYD-183,X:\JAV\MEYD-183.mp4,meyd00183,X:\JAV\MEYD-183.smi
499,MEYD-213,X:\JAV\MEYD-213.avi,meyd00213,
500,MIAA-023,X:\JAV\MIAA-023.mp4,miaa00023,
501,MIAA-059,X:\JAV\MIAA-059.mp4,miaa00059,
502,MIAA-088,X:\JAV\Miaa-088.ts,miaa00088,
503,MIAA-090,X:\JAV\MIAA-090.mp4,miaa00090,
504,MIAA-102,X:\JAV\miaa-102.mp4,miaa00102,
505,MIAA-152,X:\JAV\MIAA-152.mp4,miaa00152,
506,MIAA-173,X:\JAV\MIAA-173.mp4,miaa00173,
507,MIAA-179,X:\JAV\MIAA-179.mp4,miaa00179,
508,MIAA-277,X:\JAV\MIAA-277.mp4,miaa00277,
509,MIAA-390,X:\JAV\MIAA-390.mp4,miaa00390,
510,MIAA-432,X:\JAV\MIAA-432.mp4,miaa00432,
511,MIAD-600,X:\JAV\MIAD-600.wmv,miad00600,
512,MIAD-681,X:\JAV\MIAD-681.wmv,miad00681,
513,MIAD-735,X:\JAV\MIAD-735.mp4,miad00735,
514,MIAD-751,X:\JAV\MIAD-751.mkv,miad00751,
515,MIAD-762,X:\JAV\MIAD-762.mkv,miad00762,
516,MIAD-775,X:\JAV\MIAD-775.mkv,miad00775,
517,MIAD-890,X:\JAV\MIAD-890.mkv,miad00890,
518,MIAD-924,X:\JAV\MIAD-924.mp4,miad00924,X:\JAV\MIAD-924.smi
519,MIAD-966,X:\JAV\MIAD-966.mp4,miad00966,X:\JAV\MIAD-966.srt
520,MIAD-972,X:\JAV\MIAD-972.mp4,miad00972,
521,MIAD-977,X:\JAV\MIAD-977.mp4,miad00977,
522,MIAD-997,X:\JAV\MIAD-997.mp4,miad00997,
523,MIAE-021,X:\JAV\MIAE-021.mp4,miae00021,
524,MIAE-044,X:\JAV\MIAE-044.mkv,miae00044,
525,MIAE-053,X:\JAV\MIAE-053.mp4,miae00053,
526,MIAE-065,X:\JAV\MIAE-065.mp4,miae00065,
527,MIAE-072,X:\JAV\MIAE-072.mp4,miae00072,
528,MIAE-108,X:\JAV\MIAE-108.mkv,miae00108,
529,MIAE-134,X:\JAV\MIAE-134.mp4,miae00134,
530,MIAE-148,X:\JAV\MIAE-148.mp4,miae00148,
531,MIAE-149,X:\JAV\MIAE-149.mp4,miae00149,
532,MIAE-190,X:\JAV\MIAE-190.mp4,miae00190,X:\JAV\MIAE-190.srt
533,MIAE-195,X:\JAV\MIAE-195.mp4,miae00195,
534,MIAE-199,X:\JAV\MIAE-199.mp4,miae00199,
535,MIAE-272,X:\JAV\MIAE-272.mp4,miae00272,
536,MIAE-276,X:\JAV\MIAE-276.mp4,miae00276,
537,MIAE-311,X:\JAV\MIAE-311.mp4,miae00311,
538,MIAE-346,X:\JAV\MIAE-346.mp4,miae00346,
539,MIAE-347,X:\JAV\MIAE-347.mp4,miae00347,
540,MIDD-972,X:\JAV\MIDD-972.mp4,midd00972,
541,MIDE-062,X:\JAV\MIDE-062.wmv,mide00062,X:\JAV\MIDE-062.srt
542,MIDE-148,X:\JAV\MIDE-148.wmv,mide00148,X:\JAV\MIDE-148.srt
543,MIDE-158,X:\JAV\MIDE-158.mp4,mide00158,
544,MIDE-166,X:\JAV\MIDE-166.mp4,mide00166,
545,MIDE-175,X:\JAV\MIDE-175.mkv,mide00175,
546,MIDE-185,X:\JAV\MIDE-185.wmv,mide00185,X:\JAV\MIDE-185.smi
547,MIDE-199,X:\JAV\MIDE-199.mkv,mide00199,
548,MIDE-209,X:\JAV\MIDE-209.mp4,mide00209,
549,MIDE-241,X:\JAV\MIDE-241.avi,mide00241,
550,MIDE-248,X:\JAV\MIDE-248.avi,mide00248,
551,MIDE-264,X:\JAV\MIDE-264.avi,,
552,MIDE-291,X:\JAV\MIDE-291.mp4,,
553,MIDE-302,X:\JAV\MIDE-302.mkv,mide00302,
554,MIDE-350,X:\JAV\MIDE-350.mp4,,
555,MIDE-370,X:\JAV\MIDE-370.mkv,,X:\JAV\MIDE-370.smi
556,MIDE-379,X:\JAV\MIDE-379.mp4,mide00379,
557,MIDE-390,X:\JAV\MIDE-390.mkv,,
558,MIDE-392,X:\JAV\MIDE-392.mkv,,X:\JAV\MIDE-392.smi
559,MIDE-393,X:\JAV\MIDE-393.mkv,mide00393,
560,MIDE-399,X:\JAV\MIDE-399.mp4,mide00399,
561,MIDE-411,X:\JAV\MIDE-411.mkv,,X:\JAV\MIDE-411.srt
562,MIDE-419,X:\JAV\MIDE-419.mkv,mide00419,
563,MIDE-443,X:\JAV\MIDE-443.mkv,,X:\JAV\MIDE-443.smi
564,MIDE-458,X:\JAV\MIDE-458.mp4,mide00458,
565,MIDE-465,X:\JAV\MIDE-465.mp4,mide00465,
566,MIDE-470,X:\JAV\MIDE-470.mp4,mide00470,
567,MIDE-484,X:\JAV\MIDE-484.mkv,mide00484,
568,MIDE-500,X:\JAV\MIDE-500.mp4,mide00500,
569,MIDE-508,X:\JAV\MIDE-508.mkv,mide00508,X:\JAV\MIDE-508.srt
570,MIDE-513,X:\JAV\MIDE-513.mp4,mide00513,
571,MIDE-515,X:\JAV\MIDE-515.mp4,mide00515,
572,MIDE-516,X:\JAV\MIDE-516.mkv,,X:\JAV\MIDE-516.srt
573,MIDE-519,X:\JAV\MIDE-519.mkv,mide00519,
574,MIDE-540,X:\JAV\MIDE-540.mkv,mide00540,
575,MIDE-548,X:\JAV\MIDE-548.mkv,mide00548,
576,MIDE-557,X:\JAV\MIDE-557.mp4,mide00557,
577,MIDE-564,X:\JAV\MIDE-564.mp4,mide00564,
578,MIDE-587,X:\JAV\MIDE-587.mp4,mide00587,
579,MIDE-595,X:\JAV\MIDE-595.ts,mide00595,
580,MIDE-596,X:\JAV\MIDE-596.mp4,mide00596,X:\JAV\MIDE-596.srt
581,MIDE-604,X:\JAV\MIDE-604.mp4,mide00604,
582,MIDE-605,X:\JAV\MIDE-605.mp4,mide00605,
583,MIDE-614,X:\JAV\MIDE-614.mp4,mide00614,
584,MIDE-633,X:\JAV\MIDE-633.mp4,mide00633,X:\JAV\MIDE-633.smi
585,MIDE-642,X:\JAV\MIDE-642.mp4,mide00642,X:\JAV\MIDE-642.srt
586,MIDE-645,X:\JAV\MIDE-645.mp4,mide00645,
587,MIDE-658,X:\JAV\MIDE-658.mp4,mide00658,X:\JAV\MIDE-658.srt
588,MIDE-686,X:\JAV\MIDE-686.mp4,mide00686,
589,MIDE-702,X:\JAV\MIDE-702.mp4,mide00702,
590,MIDE-711,X:\JAV\MIDE-711.mp4,mide00711,
591,MIDE-725,X:\JAV\MIDE-725.mp4,mide00725,X:\JAV\MIDE-725.srt
592,MIDE-726,X:\JAV\MIDE-726.mp4,mide00726,
593,MIDE-735,X:\JAV\MIDE-735.mp4,mide00735,X:\JAV\MIDE-735.srt
594,MIDE-736,X:\JAV\MIDE-736.mp4,mide00736,
595,MIDE-749,X:\JAV\MIDE-749.mp4,mide00749,
596,MIDE-753,X:\JAV\MIDE-753.mp4,mide00753,
597,MIDE-760 MIA NANASAWA,X:\JAV\MIDE-760 Mia Nanasawa.mp4,,
598,MIDE-760,X:\JAV\MIDE-760.mp4,mide00760,X:\JAV\MIDE-760.srt
599,MIDE-761,X:\JAV\MIDE-761.mp4,mide00761,X:\JAV\MIDE-761.srt
600,MIDE-775,X:\JAV\MIDE-775.mp4,mide00775,X:\JAV\MIDE-775.srt
601,MIDE-780,X:\JAV\MIDE-780.mp4,mide00780,X:\JAV\MIDE-780.srt
602,MIDE-786,X:\JAV\MIDE-786.mp4,mide00786,
603,MIDE-819,X:\JAV\MIDE-819.mp4,mide00819,X:\JAV\MIDE-819.srt
604,MIDE-871,X:\JAV\MIDE-871.mp4,mide00871,
605,MIDE-872,X:\JAV\MIDE-872.mp4,mide00872,X:\JAV\MIDE-872.srt
606,MIDE-884 4K,X:\JAV\MIDE-884 4K.mp4,,
607,MIDE-884,X:\JAV\MIDE-884.mp4,mide00884,
608,MIDE-938,X:\JAV\MIDE-938.mp4,mide00938,X:\JAV\MIDE-938.srt
609,MIFD-108,X:\JAV\MIFD-108.mp4,mifd00108,
610,MIGD-437,X:\JAV\MIGD-437.avi,migd00437,
611,MIGD-487,X:\JAV\MIGD-487.wmv,migd00487,
612,MIGD-487B,X:\JAV\MIGD-487B.wmv,,
613,MIGD-654,X:\JAV\MIGD-654.wmv,migd00654,
614,MIGD-702,X:\JAV\MIGD-702.avi,migd00702,
615,MIGD-740,X:\JAV\MIGD-740.mp4,migd00740,
616,MIGD-771,X:\JAV\MIGD-771.mkv,migd00771,
617,MIGD-775,X:\JAV\MIGD-775.mp4,migd00775,
618,MIGD-781,X:\JAV\MIGD-781.mkv,migd00781,
619,MILLE-005,X:\JAV\MILLE-005.mp4,436mille00005,
620,MIMK-028,X:\JAV\MIMK-028.mkv,mimk00028,
621,MIMK-039,X:\JAV\MIMK-039.mp4,mimk00039,
622,MIMK-046,X:\JAV\MIMK-046.mkv,mimk00046,
623,MIRD-075,X:\JAV\MIRD-075.wmv,mird00075,
624,MIRD-111,X:\JAV\MIRD-111.avi,mird00111,
625,MIRD-134,X:\JAV\MIRD-134.wmv,mird00134,
626,MIRD-145,X:\JAV\MIRD-145.mkv,mird00145,
627,MIRD-158,X:\JAV\MIRD-158.avi,mird00158,
628,MIRD-179,X:\JAV\MIRD-179.mkv,mird00179,
629,MIRD-186,X:\JAV\MIRD-186.mp4,mird00186,
630,MIRD-191,X:\JAV\MIRD-191.wmv,mird00191,
631,MIRD-192,X:\JAV\MIRD-192.mp4,mird00192,
632,MISM-146,X:\JAV\MISM-146.mp4,mism00146,
633,MIZD-123,X:\JAV\MIZD-123.mp4,mizd00123,
634,MIZD-142,X:\JAV\MIZD-142.mp4,mizd00142,
635,MIZD-168,X:\JAV\MIZD-168.mp4,mizd00168,
636,MKD-S95,X:\JAV\MKD-S95.mp4,,
637,MKMP-021,X:\JAV\MKMP-021.wmv,84mkmp00021,
638,MKMP-316,X:\JAV\MKMP-316.mp4,84mkmp00316,
639,MKMP138,X:\JAV\MKMP138.avi,,
640,MMND-141,X:\JAV\MMND-141.mkv,mmnd00141,
641,MMND-143,X:\JAV\MMND-143.mkv,mmnd00143,
642,MOC-004,X:\JAV\MOC-004.mp4,,
643,MOC-013,X:\JAV\MOC-013.mkv,,
644,MSFH-012,X:\JAV\MSFH-012.mp4,1msfh00012,
645,MTP-004,X:\JAV\MTP-004.mp4,,
646,MUCD-199,X:\JAV\MUCD-199.mp4,mucd00199,
647,MUDR-034,X:\JAV\MUDR-034.mp4,,X:\JAV\MUDR-034.srt
648,MUGON-086,X:\JAV\mugon-086.wmv,mugon00086,
649,MUM-229,X:\JAV\MUM-229.mp4,mum00229,
650,MUM-256,X:\JAV\MUM-256.mp4,mum00256,
651,MUM-277,X:\JAV\MUM-277.mkv,mum00277,X:\JAV\MUM-277.srt
652,MVG-016,X:\JAV\MVG-016.mp4,13mvg00016,
653,MVSD-171,X:\JAV\MVSD-171.mp4,mvsd00171,
654,MVSD-195,X:\JAV\MVSD-195.avi,mvsd00195,
655,MVSD-205 (2),X:\JAV\MVSD-205 (2).wmv,,
656,MVSD-205,X:\JAV\MVSD-205.wmv,mvsd00205,
657,MVSD-228,X:\JAV\MVSD-228.mkv,mvsd00228,
658,MVSD-312,X:\JAV\MVSD-312.avi,mvsd00312,
659,MVSD-343,X:\JAV\MVSD-343.mp4,mvsd00343,
660,MVSD-364,X:\JAV\MVSD-364.mp4,mvsd00364,
661,MVSD-439,X:\JAV\MVSD-439.mp4,mvsd00439,
662,MVSD-469,X:\JAV\MVSD-469.mp4,mvsd00469,
663,MVSD224,X:\JAV\mvsd224.wmv,,
664,MXGS-432,X:\JAV\MXGS-432.wmv,,X:\JAV\MXGS-432.smi
665,MXGS-702,X:\JAV\MXGS-702.mp4,,
666,MXGS-732,X:\JAV\MXGS-732.avi,,
667,MXGS-760,X:\JAV\MXGS-760.mp4,,
668,MXGS-769,X:\JAV\MXGS-769.avi,,
669,MXGS-791,X:\JAV\MXGS-791.mkv,,
670,MXGS-819,X:\JAV\MXGS-819.avi,,
671,MXGS-990,X:\JAV\MXGS-990.mkv,,
672,N0718_RIONA_SUZUNE_GY_N,X:\JAV\n0718_riona_suzune_gy_n.wmv,,
673,NACR-288,X:\JAV\NACR-288.mp4,,
674,NEBB-0003,X:\JAV\NEBB-0003.mp4,,
675,NEOB-004,X:\JAV\NEOB-004.mp4,5642neob00004,
676,NGD-071,X:\JAV\NGD-071.mkv,,
677,NHDTA-657,X:\JAV\NHDTA-657.mp4,1nhdta00657,
678,NHDTB-281,X:\JAV\NHDTB-281.mp4,1nhdtb00281,
679,NTJ-007,X:\JAV\NTJ-007.wmv,ntj00007,
680,OFJE-147,X:\JAV\OFJE-147.mp4,ofje00147,
681,OFJE-215A,X:\JAV\OFJE-215A.mp4,,
682,OFJE-215B,X:\JAV\OFJE-215B.mp4,,
683,OFJE-233,X:\JAV\OFJE-233.mp4,ofje00233,
684,OFJE-233A,X:\JAV\OFJE-233A.mp4,,
685,OFJE-233B,X:\JAV\OFJE-233B.mp4,,
686,OFJE-290A,X:\JAV\OFJE-290A.mp4,,
687,OFJE-290B,X:\JAV\OFJE-290B.mp4,,
688,OFJE-290C,X:\JAV\OFJE-290C.mp4,,
689,OFJE-290D,X:\JAV\OFJE-290D.mp4,,
690,OFJE-290E,X:\JAV\OFJE-290E.mp4,,
691,OFJE-290F,X:\JAV\OFJE-290F.mp4,,
692,OGSM-013,X:\JAV\OGSM-013.mp4,ogsm00013,
693,OKS-044,X:\JAV\OKS-044.mp4,1oks00044,
694,ONET-011,X:\JAV\ONET-011.mkv,118onet00011,
695,ONEZ-047,X:\JAV\ONEZ-047.wmv,118onez00047,
696,ONGP-092,X:\JAV\ONGP-092.avi,,
697,OVG-021,X:\JAV\OVG-021.wmv,13ovg00021,
698,PGD-481,X:\JAV\PGD-481.wmv,pgd00481,
699,PGD-711,X:\JAV\PGD-711.mkv,pgd00711,X:\JAV\PGD-711.smi
700,PGD-746,X:\JAV\PGD-746.mkv,pgd00746,
701,PGD-773,X:\JAV\PGD-773.mp4,pgd00773,
702,PGD-812,X:\JAV\PGD-812.avi,pgd00812,
703,PGD-897,X:\JAV\PGD-897.mp4,pgd00897,
704,PGD-928,X:\JAV\PGD-928.mkv,pgd00928,
705,PIYO-023,X:\JAV\PIYO-023.mp4,1piyo00023,
706,PMP-172,X:\JAV\PMP-172.mp4,5pmp00172,
707,PPPD-262,X:\JAV\PPPD-262.mkv,pppd00262,
708,PPPD-298,X:\JAV\PPPD-298.avi,pppd00298,
709,PPPD-305,X:\JAV\PPPD-305.avi,pppd00305,
710,PPPD-321,X:\JAV\PPPD-321.mp4,pppd00321,
711,PPPD-355,X:\JAV\PPPD-355.wmv,pppd00355,X:\JAV\PPPD-355.smi
712,PPPD-362,X:\JAV\PPPD-362.avi,pppd00362,
713,PPPD-370,X:\JAV\PPPD-370.mp4,pppd00370,
714,PPPD-376,X:\JAV\PPPD-376.mp4,pppd00376,
715,PPPD-408,X:\JAV\PPPD-408.mp4,pppd00408,X:\JAV\PPPD-408.srt
716,PPPD-481,X:\JAV\PPPD-481.mkv,pppd00481,X:\JAV\PPPD-481.srt
717,PPPD-487,X:\JAV\PPPD-487.mp4,pppd00487,
718,PPPD-926,X:\JAV\PPPD-926.mp4,pppd00926,
719,PPPD-928,X:\JAV\PPPD-928.mp4,pppd00928,
720,PPPD-936,X:\JAV\PPPD-936.mp4,pppd00936,
721,PPT-016,X:\JAV\PPT-016.avi,118ppt00016,
722,PPT-018,X:\JAV\PPT-018.avi,118ppt00018,
723,PRED-015,X:\JAV\PRED-015.mkv,pred00015,
724,PRED-044,X:\JAV\PRED-044.mp4,,X:\JAV\PRED-044.srt
725,PRED-054,X:\JAV\PRED-054.mp4,pred00054,X:\JAV\PRED-054.srt
726,PRED-074,X:\JAV\PRED-074.mp4,pred00074,
727,PRED-085,X:\JAV\PRED-085.mp4,pred00085,
728,PRED-093,X:\JAV\PRED-093.mp4,pred00093,
729,PRED-159,X:\JAV\PRED-159.mp4,pred00159,X:\JAV\PRED-159.srt
730,PRED-170,X:\JAV\PRED-170.mp4,pred00170,
731,PRED-199,X:\JAV\PRED-199.mp4,pred00199,
732,PRED-211,X:\JAV\PRED-211.mp4,pred00211,X:\JAV\PRED-211.srt
733,PRED-213,X:\JAV\PRED-213.mp4,pred00213,X:\JAV\PRED-213.srt
734,PRED-226,X:\JAV\PRED-226.mp4,pred00226,
735,PRED-305,X:\JAV\PRED-305.mp4,pred00305,X:\JAV\PRED-305.srt
736,PRED-315,X:\JAV\PRED-315.mp4,pred00315,
737,PRTD-015,X:\JAV\PRTD-015.mp4,prtd00015,
738,PXD-027,X:\JAV\PXD-027.wmv,pxd00027,
739,PXD-027_B,X:\JAV\PXD-027_B.wmv,,
740,PXD-027_C,X:\JAV\PXD-027_C.wmv,,
741,PYM-007,X:\JAV\PYM-007.avi,,
742,RBD-664,X:\JAV\RBD-664.mkv,rbd00664,
743,RBD-706,X:\JAV\RBD-706.mp4,rbd00706,X:\JAV\RBD-706.srt
744,RBD-719,X:\JAV\RBD-719.mkv,rbd00719,
745,RBD-818,X:\JAV\RBD-818.mp4,rbd00818,X:\JAV\RBD-818.smi
746,RCT-426,X:\JAV\RCT-426.wmv,1rct00426,
747,REAL-439,X:\JAV\REAL-439.avi,172real00439,
748,REAL-512,X:\JAV\REAL-512.wmv,172real00512,X:\JAV\REAL-512.smi
749,REAL-517,X:\JAV\REAL-517.mkv,172real00517,
750,REAL-622,X:\JAV\REAL-622.wmv,172real00622,
751,REAL-641,X:\JAV\REAL-641.mkv,172real00641,
752,REAL-655,X:\JAV\REAL-655.mkv,172real00655,
753,RKI-457,X:\JAV\RKI-457.mp4,rki00457,
754,RKI-472,X:\JAV\RKI-472.mp4,rki00472,
755,ROYVR-021A,X:\JAV\ROYVR-021A.mp4,,
756,RTP-076,X:\JAV\RTP-076.avi,118rtp00076,
757,SAMA-542,X:\JAV\SAMA-542.avi,,
758,SCP-003,X:\JAV\SCP-003.mp4,178scp00003,
759,SDAB-087,X:\JAV\SDAB-087.mp4,1sdab00087,
760,SDAB-150,X:\JAV\SDAB-150.mp4,1sdab00150,
761,SDABP-008,X:\JAV\SDABP-008.mp4,,
762,SDDE-485,X:\JAV\SDDE-485.mp4,1sdde00485,
763,SDDE-552,X:\JAV\SDDE-552.mp4,1sdde00552,
764,SDDE-596,X:\JAV\SDDE-596.mp4,1sdde00596,
765,SDMF-001,X:\JAV\SDMF-001.mp4,1sdmf00001,
766,SDMF-009,X:\JAV\SDMF-009.mp4,1sdmf00009,
767,SDMT-952,X:\JAV\SDMT-952.wmv,1sdmt00952,X:\JAV\SDMT-952.smi
768,SDMT775,X:\JAV\SDMT775.avi,,
769,SDSI-021,X:\JAV\SDSI-021.avi,1sdsi00021,
770,SERO-0252,X:\JAV\SERO-0252.mp4,,
771,SERO-324,X:\JAV\SERO-324.mp4,sero00324,
772,SERO-359,X:\JAV\SERO-359.mp4,sero00359,
773,SGA-092,X:\JAV\SGA-092.mkv,118sga00092,
774,SGA-098,X:\JAV\SGA-098.mkv,118sga00098,
775,SGA-109,X:\JAV\SGA-109.mkv,118sga00109,
776,SGA-118,X:\JAV\SGA-118.mp4,118sga00118,
777,SHKD-338 SHKD_338,X:\JAV\SHKD-338 SHKD_338.avi,,
778,SHKD-399,X:\JAV\SHKD-399.wmv,shkd00399,
779,SHKD-546,X:\JAV\SHKD-546.wmv,shkd00546,X:\JAV\SHKD-546.smi
780,SHKD-576,X:\JAV\SHKD-576.avi,shkd00576,
781,SHKD-673,X:\JAV\SHKD-673.avi,shkd00673,
782,SHKD-821,X:\JAV\SHKD-821.mp4,shkd00821,
783,SHKD-874,X:\JAV\SHKD-874.mp4,shkd00874,
784,SHMO-027,X:\JAV\SHMO-027.mp4,,
785,SHMO-031,X:\JAV\SHMO-031.mkv,,
786,SIMM-191,X:\JAV\SIMM-191.mp4,,
787,SIMM-250,X:\JAV\SIMM-250.mp4,,
788,SIMM-256,X:\JAV\SIMM-256.mp4,,
789,SIMM-258,X:\JAV\SIMM-258.mp4,,
790,SIMM-373,X:\JAV\SIMM-373.mp4,,
791,SIRO-1355,X:\JAV\SIRO-1355.wmv,,
792,SIRO-2123,X:\JAV\SIRO-2123.mp4,,X:\JAV\SIRO-2123.smi
793,SIRO-3171,X:\JAV\SIRO-3171.mp4,,
794,SKSK-004 ,X:\JAV\SKSK-004 .mp4,33sksk00004,
795,SMA-779,X:\JAV\SMA-779.mkv,sma00779,
796,SMA-786,X:\JAV\SMA-786.avi,sma00786,
797,SMD-89,X:\JAV\SMD-89.avi,,
798,SNIS-009,X:\JAV\SNIS-009.avi,snis00009,
799,SNIS-036,X:\JAV\SNIS-036.mp4,snis00036,
800,SNIS-048,X:\JAV\SNIS-048.mp4,snis00048,
801,SNIS-070,X:\JAV\SNIS-070.avi,snis00070,
802,SNIS-089,X:\JAV\SNIS-089.mkv,snis00089,
803,SNIS-129,X:\JAV\SNIS-129.wmv,snis00129,
804,SNIS-166,X:\JAV\SNIS-166.wmv,snis00166,X:\JAV\SNIS-166.smi
805,SNIS-170,X:\JAV\SNIS-170.mp4,snis00170,
806,SNIS-205,X:\JAV\SNIS-205.avi,snis00205,
807,SNIS-228,X:\JAV\SNIS-228.avi,snis00228,
808,SNIS-233,X:\JAV\SNIS-233.wmv,snis00233,X:\JAV\SNIS-233.smi
809,SNIS-254,X:\JAV\SNIS-254.wmv,snis00254,X:\JAV\SNIS-254.srt
810,SNIS-268,X:\JAV\SNIS-268.mp4,snis00268,X:\JAV\SNIS-268.srt
811,SNIS-268R,X:\JAV\SNIS-268R.mp4,,
812,SNIS-289,X:\JAV\SNIS-289.mkv,snis00289,X:\JAV\SNIS-289.srt
813,SNIS-310,X:\JAV\SNIS-310.mkv,snis00310,
814,SNIS-333,X:\JAV\SNIS-333.wmv,snis00333,
815,SNIS-338,X:\JAV\SNIS-338.wmv,snis00338,X:\JAV\SNIS-338.smi
816,SNIS-348,X:\JAV\SNIS-348.mp4,snis00348,
817,SNIS-351,X:\JAV\SNIS-351.mkv,snis00351,
818,SNIS-374,X:\JAV\SNIS-374.mkv,snis00374,
819,SNIS-490,X:\JAV\SNIS-490.mkv,snis00490,
820,SNIS-531,X:\JAV\SNIS-531.avi,snis00531,X:\JAV\SNIS-531.smi
821,SNIS-539,X:\JAV\SNIS-539.mp4,snis00539,X:\JAV\SNIS-539.smi
822,SNIS-553,X:\JAV\SNIS-553.mp4,snis00553,
823,SNIS-576,X:\JAV\SNIS-576.mkv,snis00576,
824,SNIS-583,X:\JAV\SNIS-583.mp4,snis00583,
825,SNIS-585,X:\JAV\SNIS-585.mkv,snis00585,
826,SNIS-636,X:\JAV\SNIS-636.mp4,snis00636,
827,SNIS-653,X:\JAV\SNIS-653.mp4,snis00653,X:\JAV\SNIS-653.smi
828,SNIS-679,X:\JAV\SNIS-679.mp4,snis00679,X:\JAV\SNIS-679.srt
829,SNIS-722,X:\JAV\SNIS-722.mp4,snis00722,
830,SNIS-756,X:\JAV\SNIS-756.avi,snis00756,
831,SNIS-779,X:\JAV\SNIS-779.mp4,snis00779,
832,SNIS-854,X:\JAV\SNIS-854.mp4,snis00854,X:\JAV\SNIS-854.smi
833,SNIS-864,X:\JAV\SNIS-864.mkv,snis00864,
834,SNIS-885,X:\JAV\SNIS-885.mkv,snis00885,
835,SNIS-886,X:\JAV\SNIS-886.mkv,snis00886,
836,SNIS-902,X:\JAV\SNIS-902.mp4,snis00902,
837,SNIS-917,X:\JAV\SNIS-917.mkv,snis00917,X:\JAV\SNIS-917.smi
838,SNIS-919,X:\JAV\SNIS-919.mkv,snis00919,
839,SNIS-937,X:\JAV\SNIS-937.mp4,snis00937,
840,SNIS-940,X:\JAV\SNIS-940.mkv,snis00940,
841,SNIS-951,X:\JAV\SNIS-951.mkv,snis00951,
842,SNIS-960,X:\JAV\SNIS-960.wmv,snis00960,
843,SNIS-973,X:\JAV\SNIS-973.mp4,snis00973,
844,SNIS-983,X:\JAV\SNIS-983.mkv,snis00983,
845,SOE-385,X:\JAV\SOE-385.wmv,soe00385,
846,SOE-491,X:\JAV\SOE-491.wmv,soe00491,
847,SOE-491B,X:\JAV\SOE-491B.wmv,,
848,SOE-491C,X:\JAV\SOE-491C.wmv,,
849,SOE-491D,X:\JAV\SOE-491D.wmv,,
850,SOE-681,X:\JAV\SOE-681.wmv,soe00681,X:\JAV\SOE-681.srt
851,SOE-941,X:\JAV\SOE-941.mp4,soe00941,
852,SOE-943,X:\JAV\SOE-943.avi,soe00943,
853,SOE-992,X:\JAV\SOE-992.avi,soe00992,
854,SQTE-135,X:\JAV\SQTE-135.mp4,sqte00135,
855,SQTE-196,X:\JAV\SQTE-196.mp4,sqte00196,
856,SRS-022,X:\JAV\SRS-022.wmv,118srs00022,X:\JAV\SRS-022.srt
857,SRTD-154,X:\JAV\SRTD-154.mp4,,
858,SSIS-088,X:\JAV\SSIS-088.mp4,ssis00088,X:\JAV\SSIS-088.srt
859,SSNI-005,X:\JAV\SSNI-005.mp4,ssni00005,
860,SSNI-014,X:\JAV\SSNI-014.mkv,ssni00014,
861,SSNI-018,X:\JAV\SSNI-018.mp4,ssni00018,
862,SSNI-025,X:\JAV\SSNI-025.mkv,ssni00025,
863,SSNI-056,X:\JAV\SSNI-056.mkv,ssni00056,X:\JAV\SSNI-056.srt
864,SSNI-064 SSNI 064,X:\JAV\SSNI-064 SSNI 064.mkv,,
865,SSNI-070,X:\JAV\SSNI-070.mkv,ssni00070,
866,SSNI-071,X:\JAV\SSNI-071.mkv,ssni00071,
867,SSNI-075,X:\JAV\SSNI-075.mkv,ssni00075,
868,SSNI-081,X:\JAV\SSNI-081.mkv,ssni00081,
869,SSNI-086,X:\JAV\SSNI-086.mkv,ssni00086,
870,SSNI-090,X:\JAV\SSNI-090.mp4,ssni00090,
871,SSNI-094,X:\JAV\SSNI-094.mp4,ssni00094,
872,SSNI-098,X:\JAV\SSNI-098.mkv,ssni00098,X:\JAV\SSNI-098.srt
873,SSNI-115,X:\JAV\SSNI-115.mp4,ssni00115,
874,SSNI-138,X:\JAV\SSNI-138.mkv,ssni00138,
875,SSNI-142,X:\JAV\SSNI-142.mkv,ssni00142,
876,SSNI-152,X:\JAV\SSNI-152.mp4,ssni00152,X:\JAV\SSNI-152.srt
877,SSNI-161,X:\JAV\SSNI-161.mkv,ssni00161,
878,SSNI-175,X:\JAV\SSNI-175.mp4,ssni00175,X:\JAV\SSNI-175.srt
879,SSNI-186,X:\JAV\SSNI-186.mkv,ssni00186,
880,SSNI-190,X:\JAV\SSNI-190.mkv,ssni00190,
881,SSNI-192,X:\JAV\SSNI-192.mkv,ssni00192,X:\JAV\SSNI-192.srt
882,SSNI-205,X:\JAV\SSNI-205.mp4,ssni00205,X:\JAV\SSNI-205.srt
883,SSNI-216,X:\JAV\SSNI-216.mkv,ssni00216,X:\JAV\SSNI-216.srt
884,SSNI-226,X:\JAV\SSNI-226.mp4,ssni00226,X:\JAV\SSNI-226.srt
885,SSNI-233,X:\JAV\SSNI-233.mp4,ssni00233,
886,SSNI-236,X:\JAV\SSNI-236.mkv,ssni00236,
887,SSNI-266,X:\JAV\SSNI-266.mp4,ssni00266,
888,SSNI-288,X:\JAV\SSNI-288.mp4,ssni00288,
889,SSNI-301,X:\JAV\SSNI-301.mp4,ssni00301,
890,SSNI-304,X:\JAV\SSNI-304.mp4,ssni00304,
891,SSNI-311,X:\JAV\SSNI-311.mkv,ssni00311,
892,SSNI-311B,X:\JAV\SSNI-311B.mkv,,
893,SSNI-319,X:\JAV\SSNI-319.mp4,ssni00319,
894,SSNI-333 SSNI-0333,X:\JAV\SSNI-333 SSNI-0333.mp4,,
895,SSNI-335,X:\JAV\SSNI-335.mp4,ssni00335,
896,SSNI-348,X:\JAV\SSNI-348.mp4,ssni00348,
897,SSNI-355,X:\JAV\SSNI-355.mp4,ssni00355,
898,SSNI-378,X:\JAV\SSNI-378.mp4,ssni00378,
899,SSNI-388,X:\JAV\SSNI-388.mp4,ssni00388,
900,SSNI-392,X:\JAV\SSNI-392.mp4,ssni00392,
901,SSNI-406,X:\JAV\SSNI-406.mp4,ssni00406,
902,SSNI-417,X:\JAV\SSNI-417.mp4,ssni00417,
903,SSNI-432,X:\JAV\SSNI-432.mp4,ssni00432,X:\JAV\SSNI-432.srt
904,SSNI-436,X:\JAV\SSNI-436.mp4,ssni00436,X:\JAV\SSNI-436.srt
905,SSNI-461,X:\JAV\SSNI-461.mp4,ssni00461,
906,SSNI-473,X:\JAV\SSNI-473.mp4,ssni00473,
907,SSNI-476,X:\JAV\SSNI-476.mp4,ssni00476,
908,SSNI-558,X:\JAV\SSNI-558.mp4,ssni00558,
909,SSNI-566,X:\JAV\SSNI-566.mp4,ssni00566,
910,SSNI-593,X:\JAV\SSNI-593.mp4,ssni00593,X:\JAV\SSNI-593.srt
911,SSNI-603,X:\JAV\SSNI-603.mp4,ssni00603,
912,SSNI-621,X:\JAV\SSNI-621.mp4,ssni00621,
913,SSNI-625,X:\JAV\SSNI-625.mp4,ssni00625,
914,SSNI-647,X:\JAV\SSNI-647.mp4,ssni00647,
915,SSNI-649,X:\JAV\SSNI-649.mp4,ssni00649,
916,SSNI-658,X:\JAV\SSNI-658.mp4,ssni00658,
917,SSNI-658B,X:\JAV\SSNI-658B.mp4,,
918,SSNI-673,X:\JAV\SSNI-673.mp4,ssni00673,
919,SSNI-674,X:\JAV\SSNI-674.mp4,ssni00674,X:\JAV\SSNI-674.srt
920,SSNI-679,X:\JAV\SSNI-679.mp4,ssni00679,X:\JAV\SSNI-679.srt
921,SSNI-688,X:\JAV\SSNI-688.mp4,ssni00688,
922,SSNI-730,X:\JAV\SSNI-730.mp4,ssni00730,X:\JAV\SSNI-730.srt
923,SSNI-734,X:\JAV\SSNI-734.mp4,ssni00734,
924,SSNI-787,X:\JAV\SSNI-787.mp4,ssni00787,
925,SSNI-826,X:\JAV\SSNI-826.mp4,ssni00826,X:\JAV\SSNI-826.srt
926,SSNI-879,X:\JAV\SSNI-879.mp4,ssni00879,X:\JAV\SSNI-879.srt
927,SSNI-916,X:\JAV\SSNI-916.mp4,ssni00916,X:\JAV\SSNI-916.srt
928,STAR-285,X:\JAV\STAR-285.wmv,1star00285,X:\JAV\STAR-285.smi
929,STAR-378,X:\JAV\STAR-378.wmv,1star00378,
930,STAR-386,X:\JAV\STAR-386.mkv,1star00386,
931,STAR-395,X:\JAV\STAR-395.wmv,1star00395,
932,STAR-395B,X:\JAV\STAR-395B.wmv,,
933,STAR-395C,X:\JAV\STAR-395C.wmv,,
934,STAR-399,X:\JAV\STAR-399.avi,1star00399,
935,STAR-404,X:\JAV\STAR-404.mp4,1star00404,
936,STAR-404B,X:\JAV\STAR-404B.mkv,,
937,STAR-444,X:\JAV\STAR-444.avi,1star00444,
938,STAR-444B,X:\JAV\STAR-444B.avi,,
939,STAR-455,X:\JAV\STAR-455.wmv,1star00455,
940,STAR-456,X:\JAV\STAR-456.mp4,1star00456,X:\JAV\STAR-456.smi
941,STAR-470,X:\JAV\STAR-470.mp4,1star00470,
942,STAR-471,X:\JAV\STAR-471.wmv,1star00471,X:\JAV\STAR-471.smi
943,STAR-471B,X:\JAV\STAR-471B.wmv,,
944,STAR-475,X:\JAV\STAR-475.avi,1star00475,
945,STAR-493,X:\JAV\STAR-493.mp4,1star00493,
946,STAR-499,X:\JAV\STAR-499.wmv,1star00499,
947,STAR-506,X:\JAV\STAR-506.wmv,1star00506,
948,STAR-507,X:\JAV\STAR-507.wmv,1star00507,
949,STAR-509,X:\JAV\STAR-509.avi,1star00509,
950,STAR-511,X:\JAV\STAR-511.wmv,1star00511,
951,STAR-523,X:\JAV\STAR-523.wmv,1star00523,
952,STAR-524,X:\JAV\STAR-524.wmv,1star00524,
953,STAR-530,X:\JAV\STAR-530.avi,1star00530,
954,STAR-531,X:\JAV\STAR-531.mp4,1star00531,
955,STAR-534,X:\JAV\STAR-534.avi,1star00534,
956,STAR-537,X:\JAV\STAR-537.mp4,1star00537,
957,STAR-543,X:\JAV\STAR-543.avi,1star00543,
958,STAR-550,X:\JAV\STAR-550.wmv,1star00550,
959,STAR-559,X:\JAV\STAR-559.mp4,1star00559,
960,STAR-561,X:\JAV\STAR-561.mp4,1star00561,
961,STAR-566,X:\JAV\STAR-566.mp4,1star00566,
962,STAR-569,X:\JAV\STAR-569.mp4,1star00569,
963,STAR-572,X:\JAV\STAR-572.mp4,1star00572,
964,STAR-583,X:\JAV\STAR-583.mkv,1star00583,
965,STAR-590,X:\JAV\STAR-590.mp4,1star00590,
966,STAR-590B,X:\JAV\STAR-590B.mp4,,
967,STAR-592 B,X:\JAV\STAR-592 B.wmv,,
968,STAR-592,X:\JAV\STAR-592.wmv,1star00592,
969,STAR-596,X:\JAV\STAR-596.avi,1star00596,
970,STAR-597,X:\JAV\STAR-597.avi,1star00597,
971,STAR-599,X:\JAV\STAR-599.wmv,1star00599,
972,STAR-603,X:\JAV\STAR-603.mkv,1star00603,
973,STAR-608,X:\JAV\STAR-608.mkv,1star00608,X:\JAV\STAR-608.smi
974,STAR-611,X:\JAV\STAR-611.mkv,1star00611,
975,STAR-612,X:\JAV\STAR-612.avi,1star00612,
976,STAR-627,X:\JAV\STAR-627.mkv,1star00627,X:\JAV\STAR-627.smi
977,STAR-634,X:\JAV\STAR-634.mkv,1star00634,
978,STAR-635,X:\JAV\STAR-635.mkv,1star00635,
979,STAR-638,X:\JAV\STAR-638.mkv,1star00638,
980,STAR-640,X:\JAV\STAR-640.mkv,1star00640,
981,STAR-640B,X:\JAV\STAR-640B.mkv,,
982,STAR-642,X:\JAV\STAR-642.mkv,1star00642,X:\JAV\STAR-642.srt
983,STAR-644,X:\JAV\STAR-644.wmv,1star00644,
984,STAR-648,X:\JAV\STAR-648.avi,1star00648,
985,STAR-672,X:\JAV\STAR-672.mkv,1star00672,
986,STAR-691,X:\JAV\STAR-691.mkv,1star00691,
987,STAR-695,X:\JAV\STAR-695.mkv,1star00695,
988,STAR-703,X:\JAV\STAR-703.avi,1star00703,
989,STAR-777,X:\JAV\STAR-777.mkv,1star00777,
990,STAR-781,X:\JAV\STAR-781.mkv,1star00781,
991,STAR-822,X:\JAV\STAR-822.mp4,1star00822,
992,STAR-842,X:\JAV\STAR-842.mkv,1star00842,
993,STAR-844,X:\JAV\STAR-844.mp4,1star00844,
994,STAR-853,X:\JAV\STAR-853.mp4,1star00853,
995,STAR-854,X:\JAV\STAR-854.mp4,1star00854,
996,STAR-862,X:\JAV\STAR-862.mp4,1star00862,
997,STAR-866A,X:\JAV\STAR-866A.mkv,,
998,STAR-866B,X:\JAV\STAR-866B.mkv,,
999,STAR-913,X:\JAV\STAR-913.mkv,1star00913,
1000,STAR-927,X:\JAV\STAR-927.mp4,1star00927,
1001,STAR-928,X:\JAV\STAR-928.mp4,1star00928,
1002,STAR-957,X:\JAV\STAR-957.mp4,1star00957,
1003,STAR-988,X:\JAV\STAR-988.mp4,1star00988,
1004,STAR-999_A,X:\JAV\STAR-999_A.mp4,,
1005,STAR-999_B,X:\JAV\STAR-999_B.mp4,,
1006,STARS-014,X:\JAV\STARS-014.mp4,1stars00014,
1007,STARS-017,X:\JAV\STARS-017.mp4,1stars00017,
1008,STARS-034,X:\JAV\STARS-034.mp4,1stars00034,
1009,STARS-062,X:\JAV\STARS-062.mp4,1stars00062,X:\JAV\STARS-062.srt
1010,STARS-067,X:\JAV\STARS-067.mp4,1stars00067,
1011,STARS-123,X:\JAV\STARS-123.mp4,1stars00123,
1012,STARS-149,X:\JAV\STARS-149.mp4,1stars00149,
1013,STARS-164,X:\JAV\STARS-164.mkv,1stars00164,X:\JAV\STARS-164.srt
1014,STARS-168,X:\JAV\STARS-168.mp4,1stars00168,
1015,STARS-176,X:\JAV\STARS-176.mp4,1stars00176,
1016,STARS-198,X:\JAV\STARS-198.mp4,1stars00198,X:\JAV\STARS-198.srt
1017,STARS-221,X:\JAV\STARS-221.mp4,1stars00221,
1018,STARS-251,X:\JAV\STARS-251.mp4,1stars00251,
1019,STARS-263,X:\JAV\STARS-263.mp4,1stars00263,X:\JAV\STARS-263.srt
1020,STARS-307,X:\JAV\STARS-307.mp4,1stars00307,
1021,STARS-308,X:\JAV\STARS-308.mp4,1stars00308,
1022,STARS-435,X:\JAV\STARS-435.mp4,,
1023,SUJI-067,X:\JAV\SUJI-067.mp4,suji00067,
1024,SUPD-135,X:\JAV\SUPD-135.wmv,supd00135,
1025,SVDVD-497,X:\JAV\SVDVD-497.avi,1svdvd00497,
1026,SWEET-015,X:\JAV\Sweet-015.mp4,,
1027,T28-464,X:\JAV\T28-464.mkv,55t2800464,
1028,T28-513,X:\JAV\T28-513.mp4,55t2800513,
1029,T28-558,X:\JAV\T28-558.mp4,55t2800558,
1030,T28-562,X:\JAV\T28-562.mp4,55t2800562,
1031,TCM-008,X:\JAV\TCM-008.mp4,5tcm00008,
1032,TEAM-044,X:\JAV\TEAM-044.avi,team00044,
1033,TEAM-059,X:\JAV\TEAM-059.mkv,team00059,
1034,TEAM-102,X:\JAV\TEAM-102.mp4,team00102,
1035,TEK-067,X:\JAV\TEK-067.mkv,tek00067,
1036,TEK-071,X:\JAV\TEK-071.mkv,tek00071,X:\JAV\TEK-071.smi
1037,TEK-072,X:\JAV\TEK-072.mp4,tek00072,X:\JAV\TEK-072.srt
1038,TEK-073,X:\JAV\TEK-073.mp4,tek00073,X:\JAV\TEK-073.smi
1039,TEK-076,X:\JAV\TEK-076.mkv,tek00076,X:\JAV\TEK-076.smi
1040,TEK-077,X:\JAV\TEK-077.avi,tek00077,X:\JAV\TEK-077.smi
1041,TEK-079,X:\JAV\TEK-079.mkv,tek00079,
1042,TEK-089,X:\JAV\TEK-089.mp4,tek00089,
1043,TEK-096,X:\JAV\TEK-096.mp4,tek00096,X:\JAV\TEK-096.srt
1044,TEK-097,X:\JAV\TEK-097.mp4,tek00097,
1045,TIGER EYES 性奴志願 遠藤梨奈 JAPANESE DOLL 7 N15 FREE ASIAN PORN VIDEO 33,X:\JAV\Tiger Eyes 性奴志願 遠藤梨奈 Japanese Doll 7 N15 Free Asian Porn Video 33.mp4,,
1046,TIKB-019,X:\JAV\TIKB-019.mkv,tikb00019,
1047,TIKB-087,X:\JAV\TIKB-087.mp4,tikb00087,
1048,TKI-057,X:\JAV\TKI-057.mp4,,
1049,TMDI-072,X:\JAV\TMDI-072.avi,,
1050,TMHP-077,X:\JAV\TMHP-077.mkv,,
1051,TPPN-046,X:\JAV\TPPN-046.mkv,tppn00046,
1052,TPPN-062,X:\JAV\TPPN-062.mkv,tppn00062,
1053,TYOD-340,X:\JAV\TYOD-340.mp4,tyod00340,
1054,TYOD-341,X:\JAV\TYOD-341.mp4,tyod00341,
1055,URE-031,X:\JAV\URE-031.mp4,ure00031,X:\JAV\URE-031.srt
1056,URE-032,X:\JAV\URE-032.mp4,ure00032,X:\JAV\URE-032.smi
1057,VGD-157,X:\JAV\VGD-157.mp4,,
1058,WANZ-057,X:\JAV\WANZ-057.wmv,3wanz00057,X:\JAV\WANZ-057.smi
1059,WANZ-124,X:\JAV\WANZ-124.avi,3wanz00124,
1060,WANZ-126,X:\JAV\WANZ-126.avi,3wanz00126,
1061,WANZ-212,X:\JAV\WANZ-212.mkv,3wanz00212,
1062,WANZ-214,X:\JAV\WANZ-214.wmv,3wanz00214,
1063,WANZ-258,X:\JAV\WANZ-258.mkv,3wanz00258,
1064,WANZ-269,X:\JAV\WANZ-269.mkv,wanz00269,
1065,WANZ-350,X:\JAV\WANZ-350.avi,wanz00350,
1066,WANZ-351,X:\JAV\WANZ-351.wmv,wanz00351,
1067,WANZ-366,X:\JAV\WANZ-366.avi,wanz00366,
1068,WANZ-426,X:\JAV\WANZ-426.mp4,wanz00426,
1069,WANZ-520,X:\JAV\WANZ-520.mp4,wanz00520,
1070,WANZ-568,X:\JAV\WANZ-568.avi,wanz00568,
1071,WANZ-601,X:\JAV\WANZ-601.mkv,wanz00601,
1072,WANZ-636,X:\JAV\WANZ-636.mp4,wanz00636,
1073,WANZ-638,X:\JAV\WANZ-638.mp4,wanz00638,
1074,WANZ-663,X:\JAV\WANZ-663.mkv,wanz00663,
1075,WANZ-697,X:\JAV\WANZ-697.mkv,wanz00697,X:\JAV\WANZ-697.srt
1076,WANZ-726,X:\JAV\WANZ-726.mkv,wanz00726,
1077,XRW-244,X:\JAV\XRW-244.mkv,172xrw00244,
1078,XRW-643,X:\JAV\XRW-643.mp4,172xrw00643,
1079,XVSR-054,X:\JAV\XVSR-054.mp4,60xvsr00054,
1080,XVSR-060,X:\JAV\XVSR-060.wmv,60xvsr00060,
1081,XVSR-069,X:\JAV\XVSR-069.wmv,60xvsr00069,
1082,XVSR-074,X:\JAV\XVSR-074.avi,60xvsr00074,
1083,XVSR-154,X:\JAV\XVSR-154.mp4,xvsr00154,
1084,YMDD-031,X:\JAV\YMDD-031.avi,15ymdd00031,
1085,YMDD-054,X:\JAV\YMDD-054.mkv,15ymdd00054,
1086,YMDD-173,X:\JAV\YMDD-173.mp4,ymdd00173,
1087,YMDS-013,X:\JAV\YMDS-013.mp4,ymds00013,
1088,ZBES-001,X:\JAV\ZBES-001.mp4,zbes00001,
1089,ZBES-036,X:\JAV\ZBES-036.mkv,zbes00036,
1090,ZEX254,X:\JAV\ZEX254.mkv,,
1091,ZIZG-010,X:\JAV\ZIZG-010.mp4,,
1092,ZUKO-080,X:\JAV\ZUKO-080.mkv,zuko00080,
1093,ZUKO-119,X:\JAV\ZUKO-119.mkv,zuko00119,
1094,ZUKO-122,X:\JAV\ZUKO-122.mkv,zuko00122,
1095,XOX0002_01,X:\JAV\[UNCENSORED]\xox0002_01.wmv,,
1096,XOX0002_02,X:\JAV\[UNCENSORED]\xox0002_02.wmv,,
1097,XOX0002_03,X:\JAV\[UNCENSORED]\xox0002_03.wmv,,
1098,XOX0002_04,X:\JAV\[UNCENSORED]\xox0002_04.wmv,,
1099,XOX0002_05,X:\JAV\[UNCENSORED]\xox0002_05.wmv,,
1100,XUX0071_01,X:\JAV\[UNCENSORED]\xux0071_01.wmv,,
1101,XUX0071_02,X:\JAV\[UNCENSORED]\xux0071_02.wmv,,
1102,XUX0071_04,X:\JAV\[UNCENSORED]\xux0071_04.wmv,,
